{
  "main": {
    "id": "3027aa6ede68f8b9",
    "type": "split",
    "children": [
      {
        "id": "f3bbcffaf6fc5900",
        "type": "tabs",
        "children": [
          {
            "id": "3c12b71d9fd8d5a7",
            "type": "leaf",
            "state": {
              "type": "markdown",
              "state": {
                "file": "Hackathon/idea1.md",
                "mode": "source",
                "source": false
              },
              "icon": "lucide-file",
              "title": "idea1"
            }
          },
          {
            "id": "62da8b27654911bc",
            "type": "leaf",
            "state": {
              "type": "markdown",
              "state": {
                "file": "Hackathon/idea3.md",
                "mode": "source",
                "source": false
              },
              "icon": "lucide-file",
              "title": "idea3"
            }
          }
        ],
        "currentTab": 1
      }
    ],
    "direction": "vertical"
  },
  "left": {
    "id": "e85e1c290088826b",
    "type": "split",
    "children": [
      {
        "id": "7b69fa64fb4f74f7",
        "type": "tabs",
        "children": [
          {
            "id": "836e611afdfa61ee",
            "type": "leaf",
            "state": {
              "type": "file-explorer",
              "state": {
                "sortOrder": "alphabetical",
                "autoReveal": false
              },
              "icon": "lucide-folder-closed",
              "title": "Files"
            }
          },
          {
            "id": "17c622101a285fa8",
            "type": "leaf",
            "state": {
              "type": "search",
              "state": {
                "query": "",
                "matchingCase": false,
                "explainSearch": false,
                "collapseAll": false,
                "extraContext": false,
                "sortOrder": "alphabetical"
              },
              "icon": "lucide-search",
              "title": "Search"
            }
          },
          {
            "id": "2493fe6f0f80a2a2",
            "type": "leaf",
            "state": {
              "type": "bookmarks",
              "state": {},
              "icon": "lucide-bookmark",
              "title": "Bookmarks"
            }
          }
        ]
      }
    ],
    "direction": "horizontal",
    "width": 300
  },
  "right": {
    "id": "345e9041f768b984",
    "type": "split",
    "children": [
      {
        "id": "8b61cb05212a1d1d",
        "type": "tabs",
        "children": [
          {
            "id": "2cf39ab8d765bdfc",
            "type": "leaf",
            "state": {
              "type": "backlink",
              "state": {
                "file": "TATARSAN 2025.md",
                "collapseAll": false,
                "extraContext": false,
                "sortOrder": "alphabetical",
                "showSearch": false,
                "searchQuery": "",
                "backlinkCollapsed": false,
                "unlinkedCollapsed": true
              },
              "icon": "links-coming-in",
              "title": "Backlinks for TATARSAN 2025"
            }
          },
          {
            "id": "df5bedaca800fa06",
            "type": "leaf",
            "state": {
              "type": "outgoing-link",
              "state": {
                "file": "TATARSAN 2025.md",
                "linksCollapsed": false,
                "unlinkedCollapsed": true
              },
              "icon": "links-going-out",
              "title": "Outgoing links from TATARSAN 2025"
            }
          },
          {
            "id": "ff14358f9c89be1e",
            "type": "leaf",
            "state": {
              "type": "tag",
              "state": {
                "sortOrder": "frequency",
                "useHierarchy": true,
                "showSearch": false,
                "searchQuery": ""
              },
              "icon": "lucide-tags",
              "title": "Tags"
            }
          },
          {
            "id": "5f6ddc948c263192",
            "type": "leaf",
            "state": {
              "type": "all-properties",
              "state": {
                "sortOrder": "frequency",
                "showSearch": false,
                "searchQuery": ""
              },
              "icon": "lucide-archive",
              "title": "All properties"
            }
          },
          {
            "id": "896bb99ebcbf7433",
            "type": "leaf",
            "state": {
              "type": "outline",
              "state": {
                "file": "TATARSAN 2025.md",
                "followCursor": false,
                "showSearch": false,
                "searchQuery": ""
              },
              "icon": "lucide-list",
              "title": "Outline of TATARSAN 2025"
            }
          }
        ]
      }
    ],
    "direction": "horizontal",
    "width": 300,
    "collapsed": true
  },
  "left-ribbon": {
    "hiddenItems": {
      "switcher:Open quick switcher": false,
      "graph:Open graph view": false,
      "canvas:Create new canvas": false,
      "daily-notes:Open today's daily note": false,
      "templates:Insert template": false,
      "command-palette:Open command palette": false,
      "bases:Create new base": false
    }
  },
  "active": "62da8b27654911bc",
  "lastOpenFiles": [
    "Hackathon/idea2.md",
    "Hackathon/idea3.md",
    "Hackathon/idea1.md",
    "TATARSAN 2025.md",
    "Images/timings.png",
    "Images",
    "Hackathon"
  ]
}